"icd_code","icd_version","long_title"
"4139",9,"Other and unspecified angina pectoris"
"V707",9,"Examination of participant in clinical trial"
"V707",10,"Person on outside of bus injured in collision with pedestrian or animal in traffic accident"
"41401",9,"Coronary atherosclerosis of native coronary artery"
"3899",9,"Unspecified hearing loss"
"V8532",9,"Body Mass Index 32.0-32.9, adult"
"25002",9,"Diabetes mellitus without mention of complication, type II or unspecified type, uncontrolled"
"71696",9,"Arthropathy, unspecified, lower leg"
"V1083",9,"Personal history of other malignant neoplasm of skin"
"2724",9,"Other and unspecified hyperlipidemia"
"V5867",9,"Long-term (current) use of insulin"
"27800",9,"Obesity, unspecified"
"4829",9,"Bacterial pneumonia, unspecified"
"99592",9,"Severe sepsis"
"2768",9,"Hypopotassemia"
"0388",9,"Other specified septicemias"
"78791",9,"Diarrhea"
"5601",9,"Paralytic ileus"
"2875",9,"Thrombocytopenia, unspecified"
"60001",9,"Hypertrophy (benign) of prostate with urinary obstruction and other lower urinary tract symptoms (LUTS)"
"79092",9,"Abnormal coagulation profile"
"5110",9,"Pleurisy without mention of effusion or current tuberculosis"
"2859",9,"Anemia, unspecified"
"5849",9,"Acute kidney failure, unspecified"
"78820",9,"Retention of urine, unspecified"
"4240",9,"Mitral valve disorders"
"V4589",9,"Other postprocedural status"
"5121",9,"Iatrogenic pneumothorax"
"7873",9,"Flatulence, eructation, and gas pain"
"99832",9,"Disruption of external operation (surgical) wound"
"33812",9,"Acute post-thoracotomy pain"
"E8782",9,"Surgical operation with anastomosis, bypass, or graft, with natural or artificial tissues used as implant causing abnormal patient reaction, or later complication, without mention of misadventure at time of operation"
"V1204",9,"Personal history of Methicillin resistant Staphylococcus aureus"
"99859",9,"Other postoperative infection"
"04112",9,"Methicillin resistant Staphylococcus aureus in conditions classified elsewhere and of unspecified site"
"E8497",9,"Accidents occurring in residential institution"
"5109",9,"Empyema without mention of fistula"
"51189",9,"Other specified forms of effusion, except tuberculous"
"6822",9,"Cellulitis and abscess of trunk"
"34600",9,"Migraine with aura, without mention of intractable migraine without mention of status migrainosus"
"V151",9,"Personal history of surgery to heart and great vessels, presenting hazards to health"
"V151",10,"Pedal cycle passenger injured in collision with railway train or railway vehicle in nontraffic accident"
"29181",9,"Alcohol withdrawal"
"85221",9,"Subdural hemorrhage following injury without mention of open intracranial wound, with no loss of consciousness"
"53081",9,"Esophageal reflux"
"E8150",9,"Other motor vehicle traffic accident involving collision on the highway injuring driver of motor vehicle other than motorcycle"
"2749",9,"Gout, unspecified"
"4019",9,"Unspecified essential hypertension"
"30391",9,"Other and unspecified alcohol dependence, continuous"
"E8495",9,"Street and highway accidents"
"8054",9,"Closed fracture of lumbar vertebra without mention of spinal cord injury"
"V168",9,"Family history of other specified malignant neoplasm"
"V161",9,"Family history of malignant neoplasm of trachea, bronchus, and lung"
"V161",10,"Pedal cycle passenger injured in collision with other nonmotor vehicle in nontraffic accident"
"04109",9,"Streptococcus infection in conditions classified elsewhere and of unspecified site, other streptococcus"
"3485",9,"Cerebral edema"
"3484",9,"Compression of brain"
"3240",9,"Intracranial abscess"
"340",9,"Multiple sclerosis"
"5180",9,"Pulmonary collapse"
"3051",9,"Tobacco use disorder"
"D696",10,"Thrombocytopenia, unspecified"
"S030XXA",10,"Dislocation of jaw, initial encounter"
"S25512A",10,"Laceration of intercostal blood vessels, left side, initial encounter"
"D649",10,"Anemia, unspecified"
"F1010",10,"Alcohol abuse, uncomplicated"
"S0262XA",10,"Fracture of subcondylar process of mandible, initial encounter for closed fracture"
"Y040XXA",10,"Assault by unarmed brawl or fight, initial encounter"
"S36892A",10,"Contusion of other intra-abdominal organs, initial encounter"
"99811",9,"Hemorrhage complicating a procedure"
"V8741",9,"Personal history of antineoplastic chemotherapy"
"20300",9,"Multiple myeloma, without mention of having achieved remission"
"42731",9,"Atrial fibrillation"
"36201",9,"Background diabetic retinopathy"
"25050",9,"Diabetes with ophthalmic manifestations, type II or unspecified type, not stated as uncontrolled"
"4142",9,"Chronic total occlusion of coronary artery"
"I4891",10,"Unspecified atrial fibrillation"
"I959",10,"Hypotension, unspecified"
"Y832",10,"Surgical operation with anastomosis, bypass or graft as the cause of abnormal reaction of the patient, or of later complication, without mention of misadventure at the time of the procedure"
"K5190",10,"Ulcerative colitis, unspecified, without complications"
"E119",10,"Type 2 diabetes mellitus without complications"
"E785",10,"Hyperlipidemia, unspecified"
"J810",10,"Acute pulmonary edema"
"I255",10,"Ischemic cardiomyopathy"
"R0902",10,"Hypoxemia"
"G4700",10,"Insomnia, unspecified"
"D62",10,"Acute posthemorrhagic anemia"
"I2510",10,"Atherosclerotic heart disease of native coronary artery without angina pectoris"
"Z933",10,"Colostomy status"
"Y92230",10,"Patient room in hospital as the place of occurrence of the external cause"
"I9789",10,"Other postprocedural complications and disorders of the circulatory system, not elsewhere classified"
"7245",9,"Backache, unspecified"
"E8889",9,"Unspecified fall"
"E8889",10,"Other specified metabolic disorders"
"6961",9,"Other psoriasis"
"30390",9,"Other and unspecified alcohol dependence, unspecified"
"81201",9,"Closed fracture of surgical neck of humerus"
"3453",9,"Grand mal status"
"5855",9,"Chronic kidney disease, Stage V"
"85220",9,"Subdural hemorrhage following injury without mention of open intracranial wound, unspecified state of consciousness"
"78451",9,"Dysarthria"
"V4365",9,"Knee joint replacement"
"7843",9,"Aphasia"
"78830",9,"Urinary incontinence, unspecified"
"78194",9,"Facial weakness"
"40391",9,"Hypertensive chronic kidney disease, unspecified, with chronic kidney disease stage V or end stage renal disease"
"E8490",9,"Home accidents"
"V173",9,"Family history of ischemic heart disease"
"V173",10,"Person boarding or alighting a pedal cycle injured in collision with fixed or stationary object"
"53550",9,"Unspecified gastritis and gastroduodenitis, without mention of hemorrhage"
"2127",9,"Benign neoplasm of heart"
"V1272",9,"Personal history of colonic polyps"
"4556",9,"Unspecified hemorrhoids without mention of complication"
"V1582",9,"Personal history of tobacco use"
"56210",9,"Diverticulosis of colon (without mention of hemorrhage)"
"G40909",10,"Epilepsy, unspecified, not intractable, without status epilepticus"
"Z85850",10,"Personal history of malignant neoplasm of thyroid"
"D1802",10,"Hemangioma of intracranial structures"
"80707",9,"Closed fracture of seven ribs"
"E8809",9,"Accidental fall on or from other stairs or steps"
"E8809",10,"Other disorders of plasma-protein metabolism, not elsewhere classified"
"30500",9,"Alcohol abuse, unspecified"
"8600",9,"Traumatic pneumothorax without mention of open wound into thorax"
"49390",9,"Asthma, unspecified type, unspecified"
"E8798",9,"Other specified procedures as the cause of abnormal reaction of patient, or of later complication, without mention of misadventure at time of procedure"
"9962",9,"Mechanical complication of nervous system device, implant, and graft"
"9010",9,"Injury to thoracic aorta"
"E8120",9,"Other motor vehicle traffic accident involving collision with motor vehicle injuring driver of motor vehicle other than motorcycle"
"Z96651",10,"Presence of right artificial knee joint"
"Z6841",10,"Body mass index (BMI) 40.0-44.9, adult"
"I671",10,"Cerebral aneurysm, nonruptured"
"M1712",10,"Unilateral primary osteoarthritis, left knee"
"K2270",10,"Barrett's esophagus without dysplasia"
"E669",10,"Obesity, unspecified"
"I10",10,"Essential (primary) hypertension"
"Z7902",10,"Long term (current) use of antithrombotics/antiplatelets"
"4589",9,"Hypotension, unspecified"
"V5866",9,"Long-term (current) use of aspirin"
"5400",9,"Acute appendicitis with generalized peritonitis"
"25000",9,"Diabetes mellitus without mention of complication, type II or unspecified type, not stated as uncontrolled"
"2720",9,"Pure hypercholesterolemia"
"V4577",9,"Acquired absence of organ, genital organs"
"V1082",9,"Personal history of malignant melanoma of skin"
"2449",9,"Unspecified acquired hypothyroidism"
"34830",9,"Encephalopathy, unspecified"
"2761",9,"Hyposmolality and/or hyponatremia"
"85186",9,"Other and unspecified cerebral laceration and contusion, without mention of open intracranial wound, with loss of consciousness of unspecified duration"
"5070",9,"Pneumonitis due to inhalation of food or vomitus"
"2910",9,"Alcohol withdrawal delirium"
"1120",9,"Candidiasis of mouth"
"78720",9,"Dysphagia, unspecified"
"34831",9,"Metabolic encephalopathy"
"3310",9,"Alzheimer's disease"
"29411",9,"Dementia in conditions classified elsewhere with behavioral disturbance"
"71590",9,"Osteoarthrosis, unspecified whether generalized or localized, site unspecified"
"79902",9,"Hypoxemia"
"2639",9,"Unspecified protein-calorie malnutrition"
"43820",9,"Late effects of cerebrovascular disease, hemiplegia affecting unspecified side"
"2760",9,"Hyperosmolality and/or hypernatremia"
"486",9,"Pneumonia, organism unspecified"
"4439",9,"Peripheral vascular disease, unspecified"
"311",9,"Depressive disorder, not elsewhere classified"
"78321",9,"Loss of weight"
"2810",9,"Pernicious anemia"
"5990",9,"Urinary tract infection, site not specified"
"2762",9,"Acidosis"
"V643",9,"Procedure not carried out for other reasons"
"V643",10,"Unspecified occupant of heavy transport vehicle injured in collision with heavy transport vehicle or bus in nontraffic accident"
"4254",9,"Other primary cardiomyopathies"
"5859",9,"Chronic kidney disease, unspecified"
"3569",9,"Unspecified hereditary and idiopathic peripheral neuropathy"
"E8790",9,"Cardiac catheterization as the cause of abnormal reaction of patient, or of later complication, without mention of misadventure at time of procedure"
"40390",9,"Hypertensive chronic kidney disease, unspecified, with chronic kidney disease stage I through stage IV, or unspecified"
"41402",9,"Coronary atherosclerosis of autologous vein bypass graft"
"V5861",9,"Long-term (current) use of anticoagulants"
"99702",9,"Iatrogenic cerebrovascular infarction or hemorrhage"
"V4501",9,"Cardiac pacemaker in situ"
"E860",10,"Dehydration"
"J9811",10,"Atelectasis"
"N179",10,"Acute kidney failure, unspecified"
"L930",10,"Discoid lupus erythematosus"
"R002",10,"Palpitations"
"Z8781",10,"Personal history of (healed) traumatic fracture"
"I9589",10,"Other hypotension"
"R000",10,"Tachycardia, unspecified"
"E871",10,"Hypo-osmolality and hyponatremia"
"Z87891",10,"Personal history of nicotine dependence"
"I308",10,"Other forms of acute pericarditis"
"J90",10,"Pleural effusion, not elsewhere classified"
"Z8639",10,"Personal history of other endocrine, nutritional and metabolic disease"
"Z8249",10,"Family history of ischemic heart disease and other diseases of the circulatory system"
"E780",10,"Pure hypercholesterolemia"
"I25110",10,"Atherosclerotic heart disease of native coronary artery with unstable angina pectoris"
"Z6838",10,"Body mass index (BMI) 38.0-38.9, adult"
"K219",10,"Gastro-esophageal reflux disease without esophagitis"
"I2582",10,"Chronic total occlusion of coronary artery"
"I82412",10,"Acute embolism and thrombosis of left femoral vein"
"Z9181",10,"History of falling"
"I82432",10,"Acute embolism and thrombosis of left popliteal vein"
"I272",10,"Other secondary pulmonary hypertension"
"Z951",10,"Presence of aortocoronary bypass graft"
"R141",10,"Gas pain"
"Z7901",10,"Long term (current) use of anticoagulants"
"I5022",10,"Chronic systolic (congestive) heart failure"
"I472",10,"Ventricular tachycardia"
"I2699",10,"Other pulmonary embolism without acute cor pulmonale"
"C9000",10,"Multiple myeloma not having achieved remission"
"D472",10,"Monoclonal gammopathy"
"Z7982",10,"Long term (current) use of aspirin"
"45620",9,"Esophageal varices in diseases classified elsewhere, with bleeding"
"5845",9,"Acute kidney failure with lesion of tubular necrosis"
"5712",9,"Alcoholic cirrhosis of liver"
"30301",9,"Acute alcoholic intoxication in alcoholism, continuous"
"5711",9,"Acute alcoholic hepatitis"
"41071",9,"Subendocardial infarction, initial episode of care"
"5722",9,"Hepatic encephalopathy"
"2866",9,"Defibrination syndrome"
"45989",9,"Other specified disorders of circulatory system"
"78959",9,"Other ascites"
"41400",9,"Coronary atherosclerosis of unspecified type of vessel, native or graft"
"27651",9,"Dehydration"
"7802",9,"Syncope and collapse"
"V4582",9,"Percutaneous transluminal coronary angioplasty status"
"0088",9,"Intestinal infection due to other organism, not elsewhere classified"
"25012",9,"Diabetes with ketoacidosis, type II or unspecified type, uncontrolled"
"V1005",9,"Personal history of malignant neoplasm of large intestine"
"78609",9,"Other respiratory abnormalities"
"7851",9,"Palpitations"
"E8499",9,"Accidents occurring in unspecified place"
"8020",9,"Closed fracture of nasal bones"
"78039",9,"Other convulsions"
"E9600",9,"Unarmed fight or brawl"
"F17200",10,"Nicotine dependence, unspecified, uncomplicated"
"Z955",10,"Presence of coronary angioplasty implant and graft"
"F419",10,"Anxiety disorder, unspecified"
"Z6832",10,"Body mass index (BMI) 32.0-32.9, adult"
"71535",9,"Osteoarthrosis, localized, not specified whether primary or secondary, pelvic region and thigh"
"44102",9,"Dissection of aorta, abdominal"
"5641",9,"Irritable bowel syndrome"
"60000",9,"Hypertrophy (benign) of prostate without urinary obstruction and other lower urinary tract symptom (LUTS)"
"V1301",9,"Personal history of urinary calculi"
"4779",9,"Allergic rhinitis, cause unspecified"
"4239",9,"Unspecified disease of pericardium"
"4111",9,"Intermediate coronary syndrome"
"7291",9,"Myalgia and myositis, unspecified"
"6185",9,"Prolapse of vaginal vault after hysterectomy"
"56400",9,"Constipation, unspecified"
"E9352",9,"Other opiates and related narcotics causing adverse effects in therapeutic use"
"6186",9,"Vaginal enterocele, congenital or acquired"
"31401",9,"Attention deficit disorder with hyperactivity"
"78052",9,"Insomnia, unspecified"
"78829",9,"Other specified retention of urine"
"9950",9,"Other anaphylactic reaction"
"V1041",9,"Personal history of malignant neoplasm of cervix uteri"
"3331",9,"Essential and other specified forms of tremor"
"30000",9,"Anxiety state, unspecified"
"4571",9,"Other lymphedema"
"44489",9,"Embolism and thrombosis of other specified artery"
"9982",9,"Accidental puncture or laceration during a procedure, not elsewhere classified"
"E8700",9,"Accidental cut, puncture, perforation or hemorrhage during surgical operation"
"V1009",9,"Personal history of malignant neoplasm of other gastrointestinal tract"
"1962",9,"Secondary and unspecified malignant neoplasm of intra-abdominal lymph nodes"
"V1042",9,"Personal history of malignant neoplasm of other parts of uterus"
"53240",9,"Chronic or unspecified duodenal ulcer with hemorrhage, without mention of obstruction"
"53010",9,"Esophagitis, unspecified"
"2769",9,"Electrolyte and fluid disorders not elsewhere classified"
"7904",9,"Nonspecific elevation of levels of transaminase or lactic acid dehydrogenase [LDH]"
"2764",9,"Mixed acid-base balance disorder"
"5533",9,"Diaphragmatic hernia without mention of obstruction or gangrene"
"E9353",9,"Salicylates causing adverse effects in therapeutic use"
"04149",9,"Other and unspecified Escherichia coli [E. coli]"
"28860",9,"Leukocytosis, unspecified"
"51881",9,"Acute respiratory failure"
"0389",9,"Unspecified septicemia"
"53140",9,"Chronic or unspecified gastric ulcer with hemorrhage, without mention of obstruction"
"J45909",10,"Unspecified asthma, uncomplicated"
"I214",10,"Non-ST elevation (NSTEMI) myocardial infarction"
"Z6835",10,"Body mass index (BMI) 35.0-35.9, adult"
"Z23",10,"Encounter for immunization"
"I7102",10,"Dissection of abdominal aorta"
"1505",9,"Malignant neoplasm of lower third of esophagus"
"53085",9,"Barrett's esophagus"
"2851",9,"Acute posthemorrhagic anemia"
"53560",9,"Duodenitis, without mention of hemorrhage"
"7200",9,"Ankylosing spondylitis"
"V641",9,"Surgical or other procedure not carried out because of contraindication"
"V641",10,"Passenger in heavy transport vehicle injured in collision with heavy transport vehicle or bus in nontraffic accident"
"4241",9,"Aortic valve disorders"
"78062",9,"Postprocedural fever"
"4293",9,"Cardiomegaly"
"5262",9,"Other cysts of jaws"
"4558",9,"Unspecified hemorrhoids with other complication"
"431",9,"Intracerebral hemorrhage"
"3314",9,"Obstructive hydrocephalus"
"V4987",9,"Physical restraints status"
"V4986",9,"Do not resuscitate status"
"71690",9,"Arthropathy, unspecified, site unspecified"
"V4586",9,"Bariatric surgery status"
"2397",9,"Neoplasm of unspecified nature of endocrine glands and other parts of nervous system"
"V4364",9,"Hip joint replacement"
"V4364",10,"Car passenger injured in collision with van in traffic accident"
"56409",9,"Other constipation"
"V1254",9,"Personal history of transient ischemic attack (TIA), and cerebral infarction without residual deficits"
"73730",9,"Scoliosis [and kyphoscoliosis], idiopathic"
"75612",9,"Spondylolisthesis"
"72403",9,"Spinal stenosis, lumbar region, with neurogenic claudication"
"4271",9,"Paroxysmal ventricular tachycardia"
"1622",9,"Malignant neoplasm of main bronchus"
"V1642",9,"Family history of malignant neoplasm of prostate"
"V163",9,"Family history of malignant neoplasm of breast"
"V163",10,"Person boarding or alighting a pedal cycle injured in collision with other nonmotor vehicle in nontraffic accident"
"V4561",9,"Cataract extraction status"
"33818",9,"Other acute postoperative pain"
"V431",9,"Lens replaced by other means"
"V431",10,"Car passenger injured in collision with car, pick-up truck or van in nontraffic accident"
"36250",9,"Macular degeneration (senile), unspecified"
"V103",9,"Personal history of malignant neoplasm of breast"
"V103",10,"Person boarding or alighting a pedal cycle injured in collision with pedestrian or animal"
"E8786",9,"Removal of other organ (partial) (total) causing abnormal patient reaction, or later complication, without mention of misadventure at time of operation"
"J449",10,"Chronic obstructive pulmonary disease, unspecified"
"R6521",10,"Severe sepsis with septic shock"
"E039",10,"Hypothyroidism, unspecified"
"J189",10,"Pneumonia, unspecified organism"
"K649",10,"Unspecified hemorrhoids"
"Z66",10,"Do not resuscitate"
"A419",10,"Sepsis, unspecified organism"
"4588",9,"Other specified hypotension"
"4260",9,"Atrioventricular block, complete"
"78097",9,"Altered mental status"
"I9751",10,"Accidental puncture and laceration of a circulatory system organ or structure during a circulatory system procedure"
"I871",10,"Compression of vein"
"Y838",10,"Other surgical procedures as the cause of abnormal reaction of the patient, or of later complication, without mention of misadventure at the time of the procedure"
"Y92234",10,"Operating room of hospital as the place of occurrence of the external cause"
"I82422",10,"Acute embolism and thrombosis of left iliac vein"
"I25119",10,"Atherosclerotic heart disease of native coronary artery with unspecified angina pectoris"
"F17210",10,"Nicotine dependence, cigarettes, uncomplicated"
"V113",9,"Personal history of alcoholism"
"V113",10,"Person boarding or alighting a pedal cycle injured in collision with other pedal cycle"
"72402",9,"Spinal stenosis, lumbar region, without neurogenic claudication"
"V1202",9,"Personal history of poliomyelitis"
"V454",9,"Arthrodesis status"
"V454",10,"Person boarding or alighting a car injured in collision with railway train or railway vehicle"
"33520",9,"Amyotrophic lateral sclerosis"
"34690",9,"Migraine, unspecified, without mention of intractable migraine without mention of status migrainosus"
"2536",9,"Other disorders of neurohypophysis"
"1369",9,"Unspecified infectious and parasitic diseases"
"2252",9,"Benign neoplasm of cerebral meninges"
"04102",9,"Streptococcus infection in conditions classified elsewhere and of unspecified site, streptococcus, group B"
"04184",9,"Other specified bacterial infections in conditions classified elsewhere and of unspecified site, other anaerobes"
"80704",9,"Closed fracture of four ribs"
"5184",9,"Acute edema of lung, unspecified"
"82111",9,"Open fracture of shaft of femur"
"04104",9,"Streptococcus infection in conditions classified elsewhere and of unspecified site, streptococcus, group D [Enterococcus]"
"F10239",10,"Alcohol dependence with withdrawal, unspecified"
"F39",10,"Unspecified mood [affective] disorder"
"F10229",10,"Alcohol dependence with intoxication, unspecified"
"Z915",10,"Personal history of self-harm"
"Z590",10,"Homelessness"
"9971",9,"Cardiac complications, not elsewhere classified"
"E8844",9,"Accidental fall from bed"
"71941",9,"Pain in joint, shoulder region"
"45182",9,"Phlebitis and thrombophlebitis of superficial veins of upper extremities"
"I6032",10,"Nontraumatic subarachnoid hemorrhage from left posterior communicating artery"
"R627",10,"Adult failure to thrive"
"B9561",10,"Methicillin susceptible Staphylococcus aureus infection as the cause of diseases classified elsewhere"
"A4151",10,"Sepsis due to Escherichia coli [E. coli]"
"K661",10,"Hemoperitoneum"
"K7201",10,"Acute and subacute hepatic failure with coma"
"Y848",10,"Other medical procedures as the cause of abnormal reaction of the patient, or of later complication, without mention of misadventure at the time of the procedure"
"I97610",10,"Postprocedural hemorrhage of a circulatory system organ or structure following a cardiac catheterization"
"K7581",10,"Nonalcoholic steatohepatitis (NASH)"
"R571",10,"Hypovolemic shock"
"J9600",10,"Acute respiratory failure, unspecified whether with hypoxia or hypercapnia"
"T80219A",10,"Unspecified infection due to central venous catheter, initial encounter"
"R188",10,"Other ascites"
"I4892",10,"Unspecified atrial flutter"
"D638",10,"Anemia in other chronic diseases classified elsewhere"
"K7200",10,"Acute and subacute hepatic failure without coma"
"E43",10,"Unspecified severe protein-calorie malnutrition"
"K659",10,"Peritonitis, unspecified"
"N390",10,"Urinary tract infection, site not specified"
"K767",10,"Hepatorenal syndrome"
"I25118",10,"Atherosclerotic heart disease of native coronary artery with other forms of angina pectoris"
"Z794",10,"Long term (current) use of insulin"
"I129",10,"Hypertensive chronic kidney disease with stage 1 through stage 4 chronic kidney disease, or unspecified chronic kidney disease"
"K7469",10,"Other cirrhosis of liver"
"D684",10,"Acquired coagulation factor deficiency"
"J95851",10,"Ventilator associated pneumonia"
"E872",10,"Acidosis"
"K766",10,"Portal hypertension"
"T8119XA",10,"Other postprocedural shock, initial encounter"
"K567",10,"Ileus, unspecified"
"B9689",10,"Other specified bacterial agents as the cause of diseases classified elsewhere"
"N183",10,"Chronic kidney disease, stage 3 (moderate)"
"57512",9,"Acute and chronic cholecystitis"
"V8535",9,"Body Mass Index 35.0-35.9, adult"
"42789",9,"Other specified cardiac dysrhythmias"
"1560",9,"Malignant neoplasm of gallbladder"
"1978",9,"Secondary malignant neoplasm of other digestive organs and spleen"
"75169",9,"Other anomalies of gallbladder, bile ducts, and liver"
"570",9,"Acute and subacute necrosis of liver"
"29900",9,"Autistic disorder, current or active state"
"58389",9,"Nephritis and nephropathy, not specified as acute or chronic, with other specified pathological lesion in kidney"
"5761",9,"Cholangitis"
"V1253",9,"Personal history of sudden cardiac arrest"
"7906",9,"Other abnormal blood chemistry"
"03842",9,"Septicemia due to escherichia coli [E. coli]"
"42821",9,"Acute systolic heart failure"
"79029",9,"Other abnormal glucose"
"28749",9,"Other secondary thrombocytopenia"
"78551",9,"Cardiogenic shock"
"5939",9,"Unspecified disorder of kidney and ureter"
"4280",9,"Congestive heart failure, unspecified"
"2930",9,"Delirium due to conditions classified elsewhere"
"9086",9,"Late effect of certain complications of trauma"
"07032",9,"Chronic viral hepatitis B without mention of hepatic coma without mention of hepatitis delta"
"34550",9,"Localization-related (focal) (partial) epilepsy and epileptic syndromes with simple partial seizures, without mention of intractable epilepsy"
"30981",9,"Posttraumatic stress disorder"
"E9290",9,"Late effects of motor vehicle accident"
"4238",9,"Other specified diseases of pericardium"
"7295",9,"Pain in limb"
"41189",9,"Other acute and subacute forms of ischemic heart disease, other"
"41519",9,"Other pulmonary embolism and infarction"
"496",9,"Chronic airway obstruction, not elsewhere classified"
"07070",9,"Unspecified viral hepatitis C without hepatic coma"
"1629",9,"Malignant neoplasm of bronchus and lung, unspecified"
"1971",9,"Secondary malignant neoplasm of mediastinum"
"80702",9,"Closed fracture of two ribs"
"34590",9,"Epilepsy, unspecified, without mention of intractable epilepsy"
"E8881",9,"Fall resulting in striking against other object"
"E8881",10,"Metabolic syndrome"
"49121",9,"Obstructive chronic bronchitis with (acute) exacerbation"
"2767",9,"Hyperpotassemia"
"I97131",10,"Postprocedural heart failure following other surgery"
"I9752",10,"Accidental puncture and laceration of a circulatory system organ or structure during other procedure"
"J942",10,"Hemothorax"
"I5031",10,"Acute diastolic (congestive) heart failure"
"Z853",10,"Personal history of malignant neoplasm of breast"
"G936",10,"Cerebral edema"
"I97618",10,"Postprocedural hemorrhage of a circulatory system organ or structure following other circulatory system procedure"
"R4701",10,"Aphasia"
"R079",10,"Chest pain, unspecified"
"I9581",10,"Postprocedural hypotension"
"Y834",10,"Other reconstructive surgery as the cause of abnormal reaction of the patient, or of later complication, without mention of misadventure at the time of the procedure"
"W1830XA",10,"Fall on same level, unspecified, initial encounter"
"Y92512",10,"Supermarket, store or market as the place of occurrence of the external cause"
"M4854XA",10,"Collapsed vertebra, not elsewhere classified, thoracic region, initial encounter for fracture"
"S2242XA",10,"Multiple fractures of ribs, left side, initial encounter for closed fracture"
"E876",10,"Hypokalemia"
"R55",10,"Syncope and collapse"
"56981",9,"Fistula of intestine, excluding rectum and anus"
"42769",9,"Other premature beats"
"29420",9,"Dementia, unspecified, without behavioral disturbance"
"9986",9,"Persistent postoperative fistula"
"42842",9,"Chronic combined systolic and diastolic heart failure"
"56722",9,"Peritoneal abscess"
"5579",9,"Unspecified vascular insufficiency of intestine"
"42833",9,"Acute on chronic diastolic heart failure"
"V4572",9,"Acquired absence of intestine (large) (small)"
"4380",9,"Late effects of cerebrovascular disease, cognitive deficits"
"99830",9,"Disruption of wound, unspecified"
"53012",9,"Acute esophagitis"
"V552",9,"Attention to ileostomy"
"V552",10,"Person on outside of pick-up truck or van injured in collision with railway train or railway vehicle in nontraffic accident"
"V5832",9,"Encounter for removal of sutures"
"2800",9,"Iron deficiency anemia secondary to blood loss (chronic)"
"53290",9,"Duodenal ulcer, unspecified as acute or chronic, without hemorrhage or perforation, without mention of obstruction"
"7850",9,"Tachycardia, unspecified"
"53190",9,"Gastric ulcer, unspecified as acute or chronic, without mention of hemorrhage or perforation, without mention of obstruction"
"55329",9,"Other ventral hernia without mention of obstruction or gangrene"
"5570",9,"Acute vascular insufficiency of intestine"
"514",9,"Pulmonary congestion and hypostasis"
"78838",9,"Overflow incontinence"
"78552",9,"Septic shock"
"3898",9,"Other specified forms of hearing loss"
"85201",9,"Subarachnoid hemorrhage following injury without mention of open intracranial wound, with no loss of consciousness"
"412",9,"Old myocardial infarction"
"81342",9,"Other closed fractures of distal end of radius (alone)"
"5853",9,"Chronic kidney disease, Stage III (moderate)"
"2819",9,"Unspecified deficiency anemia"
"V4502",9,"Automatic implantable cardiac defibrillator in situ"
"30501",9,"Alcohol abuse, continuous"
"3682",9,"Diplopia"
"42822",9,"Chronic systolic heart failure"
"78729",9,"Other dysphagia"
"78900",9,"Abdominal pain, unspecified site"
"587",9,"Renal sclerosis, unspecified"
"V4512",9,"Noncompliance with renal dialysis"
"30393",9,"Other and unspecified alcohol dependence, in remission"
"V4511",9,"Renal dialysis status"
"5781",9,"Blood in stool"
"28521",9,"Anemia in chronic kidney disease"
"5856",9,"End stage renal disease"
"V1581",9,"Personal history of noncompliance with medical treatment, presenting hazards to health"
"79319",9,"Other nonspecific abnormal finding of lung field"
"34839",9,"Other encephalopathy"
"C7B8",10,"Other secondary neuroendocrine tumors"
"Z9981",10,"Dependence on supplemental oxygen"
"Z515",10,"Encounter for palliative care"
"J910",10,"Malignant pleural effusion"
"E883",10,"Tumor lysis syndrome"
"R410",10,"Disorientation, unspecified"
"N189",10,"Chronic kidney disease, unspecified"
"F4310",10,"Post-traumatic stress disorder, unspecified"
"Z85048",10,"Personal history of other malignant neoplasm of rectum, rectosigmoid junction, and anus"
"C7A8",10,"Other malignant neuroendocrine tumors"
"J9621",10,"Acute and chronic respiratory failure with hypoxia"
"N170",10,"Acute kidney failure with tubular necrosis"
"42732",9,"Atrial flutter"
"4400",9,"Atherosclerosis of aorta"
"V153",9,"Personal history of irradiation, presenting hazards to health"
"V153",10,"Person boarding or alighting a pedal cycle injured in collision with railway train or railway vehicle"
"V5863",9,"Long-term (current) use of antiplatelet/antithrombotic"
"V1006",9,"Personal history of malignant neoplasm of rectum, rectosigmoid junction, and anus"
"04110",9,"Staphylococcus infection in conditions classified elsewhere and of unspecified site, staphylococcus, unspecified"
"V8531",9,"Body Mass Index 31.0-31.9, adult"
"7847",9,"Epistaxis"
"R310",10,"Gross hematuria"
"Z86718",10,"Personal history of other venous thrombosis and embolism"
"A047",10,"Enterocolitis due to Clostridium difficile"
"X58XXXA",10,"Exposure to other specified factors, initial encounter"
"Y92239",10,"Unspecified place in hospital as the place of occurrence of the external cause"
"I509",10,"Heart failure, unspecified"
"R570",10,"Cardiogenic shock"
"E118",10,"Type 2 diabetes mellitus with unspecified complications"
"S3730XA",10,"Unspecified injury of urethra, initial encounter"
"T45515A",10,"Adverse effect of anticoagulants, initial encounter"
"I480",10,"Paroxysmal atrial fibrillation"
"I252",10,"Old myocardial infarction"
"K2960",10,"Other gastritis without bleeding"
"B9681",10,"Helicobacter pylori [H. pylori] as the cause of diseases classified elsewhere"
"R578",10,"Other shock"
"5187",9,"Transfusion related acute lung injury (TRALI)"
"5723",9,"Portal hypertension"
"V1001",9,"Personal history of malignant neoplasm of tongue"
"7885",9,"Oliguria and anuria"
"25541",9,"Glucocorticoid deficiency"
"27669",9,"Other fluid overload"
"7824",9,"Jaundice, unspecified, not of newborn"
"4561",9,"Esophageal varices without mention of bleeding"
"53789",9,"Other specified disorders of stomach and duodenum"
"E9347",9,"Natural blood and blood products causing adverse effects in therapeutic use"
"7994",9,"Cachexia"
"78606",9,"Tachypnea"
"56723",9,"Spontaneous bacterial peritonitis"
"5370",9,"Acquired hypertrophic pyloric stenosis"
"V7283",9,"Other specified pre-operative examination"
"2869",9,"Other and unspecified coagulation defects"
"V667",9,"Encounter for palliative care"
"V667",10,"Person on outside of heavy transport vehicle injured in collision with other nonmotor vehicle in traffic accident"
"72889",9,"Other disorders of muscle, ligament, and fascia"
"5715",9,"Cirrhosis of liver without mention of alcohol"
"99657",9,"Mechanical complication due to insulin pump"
"7916",9,"Acetonuria"
"E7800",10,"Pure hypercholesterolemia, unspecified"
"E1165",10,"Type 2 diabetes mellitus with hyperglycemia"
"D869",10,"Sarcoidosis, unspecified"
"T85694A",10,"Other mechanical complication of insulin pump, initial encounter"
"J15211",10,"Pneumonia due to Methicillin susceptible Staphylococcus aureus"
"Z006",10,"Encounter for examination for normal comparison and control in clinical research program"
"J9601",10,"Acute respiratory failure with hypoxia"
"T383X6A",10,"Underdosing of insulin and oral hypoglycemic [antidiabetic] drugs, initial encounter"
"E1010",10,"Type 1 diabetes mellitus with ketoacidosis without coma"
"3575",9,"Alcoholic polyneuropathy"
"5989",9,"Urethral stricture, unspecified"
"03849",9,"Other septicemia due to gram-negative organisms"
"51889",9,"Other diseases of lung, not elsewhere classified"
"3489",9,"Unspecified condition of brain"
"7810",9,"Abnormal involuntary movements"
"4168",9,"Other chronic pulmonary heart diseases"
"75261",9,"Hypospadias"
"34982",9,"Toxic encephalopathy"
"20210",9,"Mycosis fungoides, unspecified site, extranodal and solid organ sites"
"1540",9,"Malignant neoplasm of rectosigmoid junction"
"73010",9,"Chronic osteomyelitis, site unspecified"
"4820",9,"Pneumonia due to Klebsiella pneumoniae"
"5789",9,"Hemorrhage of gastrointestinal tract, unspecified"
"V1255",9,"Personal history of pulmonary embolism"
"V441",9,"Gastrostomy status"
"V441",10,"Car passenger injured in collision with heavy transport vehicle or bus in nontraffic accident"
"4373",9,"Cerebral aneurysm, nonruptured"
"79311",9,"Solitary pulmonary nodule"
"78722",9,"Dysphagia, oropharyngeal phase"
"48242",9,"Methicillin resistant pneumonia due to Staphylococcus aureus"
"V0481",9,"Need for prophylactic vaccination and inoculation against influenza"
"430",9,"Subarachnoid hemorrhage"
"1970",9,"Secondary malignant neoplasm of lung"
"1987",9,"Secondary malignant neoplasm of adrenal gland"
"1968",9,"Secondary and unspecified malignant neoplasm of lymph nodes of multiple sites"
"70703",9,"Pressure ulcer, lower back"
"70722",9,"Pressure ulcer, stage II"
"1983",9,"Secondary malignant neoplasm of brain and spinal cord"
"2853",9,"Antineoplastic chemotherapy induced anemia"
"3383",9,"Neoplasm related pain (acute) (chronic)"
"70723",9,"Pressure ulcer, stage III"
"46400",9,"Acute laryngitis without mention of obstruction"
"1980",9,"Secondary malignant neoplasm of kidney"
"1985",9,"Secondary malignant neoplasm of bone and bone marrow"
"78652",9,"Painful respiration"
"1991",9,"Other malignant neoplasm without specification of site"
"E9331",9,"Antineoplastic and immunosuppressive drugs causing adverse effects in therapeutic use"
"27542",9,"Hypercalcemia"
"2752",9,"Disorders of magnesium metabolism"
"4580",9,"Orthostatic hypotension"
"79022",9,"Impaired glucose tolerance test (oral)"
"2753",9,"Disorders of phosphorus metabolism"
"V1046",9,"Personal history of malignant neoplasm of prostate"
"V851",9,"Body Mass Index between 19-24, adult"
"V851",10,"Passenger of special construction vehicle injured in traffic accident"
"42612",9,"Mobitz (type) II atrioventricular block"
"7210",9,"Cervical spondylosis without myelopathy"
"71594",9,"Osteoarthrosis, unspecified whether generalized or localized, hand"
"1625",9,"Malignant neoplasm of lower lobe, bronchus or lung"
"3659",9,"Unspecified glaucoma"
"7213",9,"Lumbosacral spondylosis without myelopathy"
"78442",9,"Dysphonia"
"4370",9,"Cerebral atherosclerosis"
"7224",9,"Degeneration of cervical intervertebral disc"
"72252",9,"Degeneration of lumbar or lumbosacral intervertebral disc"
"2662",9,"Other B-complex deficiencies"
"E8781",9,"Surgical operation with implant of artificial internal device causing abnormal patient reaction, or later complication,without mention of misadventure at time of operation"
"5119",9,"Unspecified pleural effusion"
"2809",9,"Iron deficiency anemia, unspecified"
"V1011",9,"Personal history of malignant neoplasm of bronchus and lung"
"0417",9,"Pseudomonas infection in conditions classified elsewhere and of unspecified site"
"59970",9,"Hematuria, unspecified"
"5920",9,"Calculus of kidney"
"5693",9,"Hemorrhage of rectum and anus"
"2763",9,"Alkalosis"
"E9444",9,"Other diuretics causing adverse effects in therapeutic use"
"42823",9,"Acute on chronic systolic heart failure"
"4148",9,"Other specified forms of chronic ischemic heart disease"
"Z9911",10,"Dependence on respirator [ventilator] status"
"E1122",10,"Type 2 diabetes mellitus with diabetic chronic kidney disease"
"G935",10,"Compression of brain"
"Z9282",10,"Status post administration of tPA (rtPA) in a different facility within the last 24 hours prior to admission to current facility"
"I130",10,"Hypertensive heart and chronic kidney disease with heart failure and stage 1 through stage 4 chronic kidney disease, or unspecified chronic kidney disease"
"W19XXXA",10,"Unspecified fall, initial encounter"
"R4020",10,"Unspecified coma"
"E870",10,"Hyperosmolality and hypernatremia"
"B965",10,"Pseudomonas (aeruginosa) (mallei) (pseudomallei) as the cause of diseases classified elsewhere"
"I714",10,"Abdominal aortic aneurysm, without rupture"
"Z95810",10,"Presence of automatic (implantable) cardiac defibrillator"
"S06357A",10,"Traumatic hemorrhage of left cerebrum with loss of consciousness of any duration with death due to brain injury prior to regaining consciousness, initial encounter"
"G40901",10,"Epilepsy, unspecified, not intractable, with status epilepticus"
"I82612",10,"Acute embolism and thrombosis of superficial veins of left upper extremity"
"N200",10,"Calculus of kidney"
"Y92009",10,"Unspecified place in unspecified non-institutional (private) residence as the place of occurrence of the external cause"
"I5023",10,"Acute on chronic systolic (congestive) heart failure"
"S065X7A",10,"Traumatic subdural hemorrhage with loss of consciousness of any duration with death due to brain injury before regaining consciousness, initial encounter"
"Z7682",10,"Awaiting organ transplant status"
"N186",10,"End stage renal disease"
"D631",10,"Anemia in chronic kidney disease"
"Z992",10,"Dependence on renal dialysis"
"M25512",10,"Pain in left shoulder"
"M5489",10,"Other dorsalgia"
"Z79891",10,"Long term (current) use of opiate analgesic"
"I350",10,"Nonrheumatic aortic (valve) stenosis"
"G8929",10,"Other chronic pain"
"I340",10,"Nonrheumatic mitral (valve) insufficiency"
"I248",10,"Other forms of acute ischemic heart disease"
"R7881",10,"Bacteremia"
"R740",10,"Nonspecific elevation of levels of transaminase and lactic acid dehydrogenase [LDH]"
"I447",10,"Left bundle-branch block, unspecified"
"Z45018",10,"Encounter for adjustment and management of other part of cardiac pacemaker"
"S2243XA",10,"Multiple fractures of ribs, bilateral, initial encounter for closed fracture"
"I5033",10,"Acute on chronic diastolic (congestive) heart failure"
"I462",10,"Cardiac arrest due to underlying cardiac condition"
"J9690",10,"Respiratory failure, unspecified, unspecified whether with hypoxia or hypercapnia"
"M7981",10,"Nontraumatic hematoma of soft tissue"
"I080",10,"Rheumatic disorders of both mitral and aortic valves"
"Y9289",10,"Other specified places as the place of occurrence of the external cause"
"I132",10,"Hypertensive heart and chronic kidney disease with heart failure and with stage 5 chronic kidney disease, or end stage renal disease"
"R339",10,"Retention of urine, unspecified"
"T17990A",10,"Other foreign object in respiratory tract, part unspecified in causing asphyxiation, initial encounter"
"K565",10,"Intestinal adhesions [bands] with obstruction (postinfection)"
"T814XXA",10,"Infection following a procedure, initial encounter"
"M47817",10,"Spondylosis without myelopathy or radiculopathy, lumbosacral region"
"M96831",10,"Postprocedural hemorrhage of a musculoskeletal structure following other procedure"
"L03311",10,"Cellulitis of abdominal wall"
"J952",10,"Acute pulmonary insufficiency following nonthoracic surgery"
"K7031",10,"Alcoholic cirrhosis of liver with ascites"
"Z6823",10,"Body mass index (BMI) 23.0-23.9, adult"
"Z720",10,"Tobacco use"
"K7290",10,"Hepatic failure, unspecified without coma"
"A084",10,"Viral intestinal infection, unspecified"
"I81",10,"Portal vein thrombosis"
"30503",9,"Alcohol abuse, in remission"
"07054",9,"Chronic hepatitis C without mention of hepatic coma"
"5531",9,"Umbilical hernia without mention of obstruction or gangrene"
"56789",9,"Other specified peritonitis"
"K660",10,"Peritoneal adhesions (postprocedural) (postinfection)"
"D688",10,"Other specified coagulation defects"
"K449",10,"Diaphragmatic hernia without obstruction or gangrene"
"Z5309",10,"Procedure and treatment not carried out because of other contraindication"
"I8510",10,"Secondary esophageal varices without bleeding"
"D6959",10,"Other secondary thrombocytopenia"
"B182",10,"Chronic viral hepatitis C"
"J811",10,"Chronic pulmonary edema"
"K265",10,"Chronic or unspecified duodenal ulcer with perforation"
"K209",10,"Esophagitis, unspecified"
"I471",10,"Supraventricular tachycardia"
"K255",10,"Chronic or unspecified gastric ulcer with perforation"
"Z6824",10,"Body mass index (BMI) 24.0-24.9, adult"
"F1011",10,"Alcohol abuse, in remission"
"K3189",10,"Other diseases of stomach and duodenum"
"Z6820",10,"Body mass index (BMI) 20.0-20.9, adult"
"R1084",10,"Generalized abdominal pain"
"M47818",10,"Spondylosis without myelopathy or radiculopathy, sacral and sacrococcygeal region"
"K56600",10,"Partial intestinal obstruction, unspecified as to cause"
"B1920",10,"Unspecified viral hepatitis C without hepatic coma"
"04185",9,"Other specified bacterial infections in conditions classified elsewhere and of unspecified site, other gram-negative organisms"
"V453",9,"Intestinal bypass or anastomosis status"
"V453",10,"Unspecified car occupant injured in collision with railway train or railway vehicle in nontraffic accident"
"V1551",9,"Personal history of traumatic fracture"
"5680",9,"Peritoneal adhesions (postoperative) (postinfection)"
"56989",9,"Other specified disorders of intestine"
"5720",9,"Abscess of liver"
"99749",9,"Other digestive system complications"
"E8788",9,"Other specified surgical operations and procedures causing abnormal patient reaction, or later complication, without mention of misadventure at time of operation"
"04119",9,"Staphylococcus infection in conditions classified elsewhere and of unspecified site, other staphylococcus"
"86389",9,"Injury to other gastrointestinal sites, without mention of open wound into cavity"
"E8654",9,"Accidental poisoning from other specified plants"
"V140",9,"Personal history of allergy to penicillin"
"V140",10,"Pedal cycle driver injured in collision with heavy transport vehicle or bus in nontraffic accident"
"4264",9,"Right bundle branch block"
"86405",9,"Injury to liver without mention of open wound into cavity laceration, unspecified"
"86401",9,"Injury to liver without mention of open wound into cavity, hematoma and contusion"
"86801",9,"Injury to other intra-abdominal organs without mention of open wound into cavity, adrenal gland"
"72888",9,"Rhabdomyolysis"
"80506",9,"Closed fracture of sixth cervical vertebra"
"8052",9,"Closed fracture of dorsal [thoracic] vertebra without mention of spinal cord injury"
"45829",9,"Other iatrogenic hypotension"
"86100",9,"Unspecified injury of heart without mention of open wound into thorax"
"83908",9,"Closed dislocation, multiple cervical vertebrae"
"8602",9,"Traumatic hemothorax without mention of open wound into thorax"
"6926",9,"Contact dermatitis and other eczema due to plants [except food]"
"60886",9,"Edema of male genital organs"
"48241",9,"Methicillin susceptible pneumonia due to Staphylococcus aureus"
"5718",9,"Other chronic nonalcoholic liver disease"
"9585",9,"Traumatic anuria"
"86121",9,"Contusion of lung without mention of open wound into thorax"
"86803",9,"Injury to other intra-abdominal organs without mention of open wound into cavity, peritoneum"
"9584",9,"Traumatic shock"
"51851",9,"Acute respiratory failure following trauma and surgery"
"5770",9,"Acute pancreatitis"
"7837",9,"Adult failure to thrive"
"5762",9,"Obstruction of bile duct"
"D329",10,"Benign neoplasm of meninges, unspecified"
"R6520",10,"Severe sepsis without septic shock"
"L97514",10,"Non-pressure chronic ulcer of other part of right foot with necrosis of bone"
"B181",10,"Chronic viral hepatitis B without delta-agent"
"E1140",10,"Type 2 diabetes mellitus with diabetic neuropathy, unspecified"
"R488",10,"Other symbolic dysfunctions"
"B954",10,"Other streptococcus as the cause of diseases classified elsewhere"
"B966",10,"Bacteroides fragilis [B. fragilis] as the cause of diseases classified elsewhere"
"Y831",10,"Surgical operation with implant of artificial internal device as the cause of abnormal reaction of the patient, or of later complication, without mention of misadventure at the time of the procedure"
"M86171",10,"Other acute osteomyelitis, right ankle and foot"
"D509",10,"Iron deficiency anemia, unspecified"
"Z89421",10,"Acquired absence of other right toe(s)"
"E1169",10,"Type 2 diabetes mellitus with other specified complication"
"M726",10,"Necrotizing fasciitis"
"E11621",10,"Type 2 diabetes mellitus with foot ulcer"
"T8249XA",10,"Other complication of vascular dialysis catheter, initial encounter"
"E1152",10,"Type 2 diabetes mellitus with diabetic peripheral angiopathy with gangrene"
"I120",10,"Hypertensive chronic kidney disease with stage 5 chronic kidney disease or end stage renal disease"
"R2232",10,"Localized swelling, mass and lump, left upper limb"
"E1142",10,"Type 2 diabetes mellitus with diabetic polyneuropathy"
"E1151",10,"Type 2 diabetes mellitus with diabetic peripheral angiopathy without gangrene"
"R200",10,"Anesthesia of skin"
"3572",9,"Polyneuropathy in diabetes"
"78701",9,"Nausea with vomiting"
"25082",9,"Diabetes with other specified manifestations, type II or unspecified type, uncontrolled"
"99591",9,"Sepsis"
"70715",9,"Ulcer of other part of foot"
"25062",9,"Diabetes with neurological manifestations, type II or unspecified type, uncontrolled"
"V4972",9,"Other toe(s) amputation status"
"E1121",10,"Type 2 diabetes mellitus with diabetic nephropathy"
"L97519",10,"Non-pressure chronic ulcer of other part of right foot with unspecified severity"
"25080",9,"Diabetes with other specified manifestations, type II or unspecified type, not stated as uncontrolled"
"73027",9,"Unspecified osteomyelitis, ankle and foot"
"7318",9,"Other bone involvement in diseases classified elsewhere"
"25060",9,"Diabetes with neurological manifestations, type II or unspecified type, not stated as uncontrolled"
"0380",9,"Streptococcal septicemia"
"V180",9,"Family history of diabetes mellitus"
"V180",10,"Pedal cycle driver injured in noncollision transport accident in nontraffic accident"
"04111",9,"Methicillin susceptible Staphylococcus aureus in conditions classified elsewhere and of unspecified site"
"S72145A",10,"Nondisplaced intertrochanteric fracture of left femur, initial encounter for closed fracture"
"W010XXA",10,"Fall on same level from slipping, tripping and stumbling without subsequent striking against object, initial encounter"
"Y92121",10,"Bathroom in nursing home as the place of occurrence of the external cause"
"28529",9,"Anemia of other chronic disease"
"6827",9,"Cellulitis and abscess of foot, except toes"
"1123",9,"Candidiasis of skin and nails"
"6929",9,"Contact dermatitis and other eczema, unspecified cause"
"6826",9,"Cellulitis and abscess of leg, except foot"
"T827XXA",10,"Infection and inflammatory reaction due to other cardiac and vascular devices, implants and grafts, initial encounter"
"E875",10,"Hyperkalemia"
"I330",10,"Acute and subacute infective endocarditis"
"E8770",10,"Fluid overload, unspecified"
"L851",10,"Acquired keratosis [keratoderma] palmaris et plantaris"
"A4102",10,"Sepsis due to Methicillin resistant Staphylococcus aureus"
"K5900",10,"Constipation, unspecified"
"B356",10,"Tinea cruris"
"R5084",10,"Febrile nonhemolytic transfusion reaction"
"A408",10,"Other streptococcal sepsis"
"R197",10,"Diarrhea, unspecified"
"E8339",9,"Fall on stairs or ladders in water transport injuring unspecified person"
"E8339",10,"Other disorders of phosphorus metabolism"
"T82868A",10,"Thrombosis due to vascular prosthetic devices, implants and grafts, initial encounter"
"Y713",10,"Surgical instruments, materials and cardiovascular devices (including sutures) associated with adverse incidents"
"Z95820",10,"Peripheral vascular angioplasty status with implants and grafts"
"L03114",10,"Cellulitis of left upper limb"
"Z89431",10,"Acquired absence of right foot"
"F1021",10,"Alcohol dependence, in remission"
"L281",10,"Prurigo nodularis"
"L97511",10,"Non-pressure chronic ulcer of other part of right foot limited to breakdown of skin"
"Z85828",10,"Personal history of other malignant neoplasm of skin"
"32723",9,"Obstructive sleep apnea (adult)(pediatric)"
"57450",9,"Calculus of bile duct without mention of cholecystitis, without mention of obstruction"
"7892",9,"Splenomegaly"
"29570",9,"Schizoaffective disorder, unspecified"
"29660",9,"Bipolar I disorder, most recent episode (or current) mixed, unspecified"
"7840",9,"Headache"
"27652",9,"Hypovolemia"
"75310",9,"Cystic kidney disease, unspecified"
"4592",9,"Compression of vein"
"E912",9,"Inhalation and ingestion of other object causing obstruction of respiratory tract or suffocation"
"29520",9,"Catatonic type schizophrenia, unspecified"
"5772",9,"Cyst and pseudocyst of pancreas"
"9331",9,"Foreign body in larynx"
"78009",9,"Other alteration of consciousness"
"29574",9,"Schizoaffective disorder, chronic with acute exacerbation"
"79021",9,"Impaired fasting glucose"
"E8708",9,"Accidental cut, puncture, perforation or hemorrhage during other specified medical care"
"2410",9,"Nontoxic uninodular goiter"
"1551",9,"Malignant neoplasm of intrahepatic bile ducts"
"44329",9,"Dissection of other artery"
"70400",9,"Alopecia, unspecified"
"V8541",9,"Body Mass Index 40.0-44.9, adult"
"Z8673",10,"Personal history of transient ischemic attack (TIA), and cerebral infarction without residual deficits"
"C6292",10,"Malignant neoplasm of left testis, unspecified whether descended or undescended"
"D6481",10,"Anemia due to antineoplastic chemotherapy"
"M7989",10,"Other specified soft tissue disorders"
"F329",10,"Major depressive disorder, single episode, unspecified"
"H409",10,"Unspecified glaucoma"
"Z950",10,"Presence of cardiac pacemaker"
"Z6834",10,"Body mass index (BMI) 34.0-34.9, adult"
"C9110",10,"Chronic lymphocytic leukemia of B-cell type not having achieved remission"
"B348",10,"Other viral infections of unspecified site"
"E1136",10,"Type 2 diabetes mellitus with diabetic cataract"
"Z9884",10,"Bariatric surgery status"
"I110",10,"Hypertensive heart disease with heart failure"
"G4733",10,"Obstructive sleep apnea (adult) (pediatric)"
"Z6837",10,"Body mass index (BMI) 37.0-37.9, adult"
"F259",10,"Schizoaffective disorder, unspecified"
"I319",10,"Disease of pericardium, unspecified"
"I5032",10,"Chronic diastolic (congestive) heart failure"
"Z6836",10,"Body mass index (BMI) 36.0-36.9, adult"
"E861",10,"Hypovolemia"
"J208",10,"Acute bronchitis due to other specified organisms"
"E222",10,"Syndrome of inappropriate secretion of antidiuretic hormone"
"I69398",10,"Other sequelae of cerebral infarction"
"B3749",10,"Other urogenital candidiasis"
"D630",10,"Anemia in neoplastic disease"
"C6212",10,"Malignant neoplasm of descended left testis"
"F449",10,"Dissociative and conversion disorder, unspecified"
"T501X5A",10,"Adverse effect of loop [high-ceiling] diuretics, initial encounter"
"T451X5A",10,"Adverse effect of antineoplastic and immunosuppressive drugs, initial encounter"
"E6601",10,"Morbid (severe) obesity due to excess calories"
"Z9049",10,"Acquired absence of other specified parts of digestive tract"
"R001",10,"Bradycardia, unspecified"
"M19019",10,"Primary osteoarthritis, unspecified shoulder"
"F323",10,"Major depressive disorder, single episode, severe with psychotic features"
"C9111",10,"Chronic lymphocytic leukemia of B-cell type in remission"
"T383X1A",10,"Poisoning by insulin and oral hypoglycemic [antidiabetic] drugs, accidental (unintentional), initial encounter"
"M109",10,"Gout, unspecified"
"Y929",10,"Unspecified place or not applicable"
"M533",10,"Sacrococcygeal disorders, not elsewhere classified"
"R51",10,"Headache"
"R0789",10,"Other chest pain"
"R569",10,"Unspecified convulsions"
"Z8547",10,"Personal history of malignant neoplasm of testis"
"R61",10,"Generalized hyperhidrosis"
"R638",10,"Other symptoms and signs concerning food and fluid intake"
"R1013",10,"Epigastric pain"
"Z8719",10,"Personal history of other diseases of the digestive system"
"R748",10,"Abnormal levels of other serum enzymes"
"I309",10,"Acute pericarditis, unspecified"
"Z7984",10,"Long term (current) use of oral hypoglycemic drugs"
"F09",10,"Unspecified mental disorder due to known physiological condition"
"F325",10,"Major depressive disorder, single episode, in full remission"
"I69344",10,"Monoplegia of lower limb following cerebral infarction affecting left non-dominant side"
"I495",10,"Sick sinus syndrome"
"F447",10,"Conversion disorder with mixed symptom presentation"
"L299",10,"Pruritus, unspecified"
"H53462",10,"Homonymous bilateral field defects, left side"
"E11649",10,"Type 2 diabetes mellitus with hypoglycemia without coma"
"H8110",10,"Benign paroxysmal vertigo, unspecified ear"
"R2240",10,"Localized swelling, mass and lump, unspecified lower limb"
"R509",10,"Fever, unspecified"
"F05",10,"Delirium due to known physiological condition"
"C6290",10,"Malignant neoplasm of unspecified testis, unspecified whether descended or undescended"
"I493",10,"Ventricular premature depolarization"
"Z5111",10,"Encounter for antineoplastic chemotherapy"
"E781",10,"Pure hyperglyceridemia"
"M19012",10,"Primary osteoarthritis, left shoulder"
"T508X5A",10,"Adverse effect of diagnostic agents, initial encounter"
"Y92238",10,"Other place in hospital as the place of occurrence of the external cause"
"M160",10,"Bilateral primary osteoarthritis of hip"
"R7989",10,"Other specified abnormal findings of blood chemistry"
"N141",10,"Nephropathy induced by other drugs, medicaments and biological substances"
"L853",10,"Xerosis cutis"
"K289",10,"Gastrojejunal ulcer, unspecified as acute or chronic, without hemorrhage or perforation"
"R5383",10,"Other fatigue"
"K9589",10,"Other complications of other bariatric procedure"
"K316",10,"Fistula of stomach and duodenum"
"M19011",10,"Primary osteoarthritis, right shoulder"
"F3340",10,"Major depressive disorder, recurrent, in remission, unspecified"
"T402X5A",10,"Adverse effect of other opioids, initial encounter"
"I69354",10,"Hemiplegia and hemiparesis following cerebral infarction affecting left non-dominant side"
"R319",10,"Hematuria, unspecified"
"M7071",10,"Other bursitis of hip, right hip"
"F0390",10,"Unspecified dementia without behavioral disturbance"
"K635",10,"Polyp of colon"
"K625",10,"Hemorrhage of anus and rectum"
"K648",10,"Other hemorrhoids"
"R791",10,"Abnormal coagulation profile"
"M549",10,"Dorsalgia, unspecified"
"K6389",10,"Other specified diseases of intestine"
"M25519",10,"Pain in unspecified shoulder"
"I481",10,"Persistent atrial fibrillation"
"G629",10,"Polyneuropathy, unspecified"
"E0865",10,"Diabetes mellitus due to underlying condition with hyperglycemia"
"G8194",10,"Hemiplegia, unspecified affecting left nondominant side"
"R600",10,"Localized edema"
"R1030",10,"Lower abdominal pain, unspecified"
"M1990",10,"Unspecified osteoarthritis, unspecified site"
"M719",10,"Bursopathy, unspecified"
"G3184",10,"Mild cognitive impairment, so stated"
"I314",10,"Cardiac tamponade"
"I313",10,"Pericardial effusion (noninflammatory)"
"M940",10,"Chondrocostal junction syndrome [Tietze]"
"F1020",10,"Alcohol dependence, uncomplicated"
"A4189",10,"Other specified sepsis"
"E46",10,"Unspecified protein-calorie malnutrition"
"K859",10,"Acute pancreatitis, unspecified"
"K7010",10,"Alcoholic hepatitis without ascites"
"E5112",10,"Wet beriberi"
"R64",10,"Cachexia"
"K7460",10,"Unspecified cirrhosis of liver"
"T8242XA",10,"Displacement of vascular dialysis catheter, initial encounter"
"Y828",10,"Other medical devices associated with adverse incidents"
"E59",10,"Dietary selenium deficiency"
"I82401",10,"Acute embolism and thrombosis of unspecified deep veins of right lower extremity"
"I5021",10,"Acute systolic (congestive) heart failure"
"R34",10,"Anuria and oliguria"
"D124",10,"Benign neoplasm of descending colon"
"D61818",10,"Other pancytopenia"
"K7030",10,"Alcoholic cirrhosis of liver without ascites"
"J690",10,"Pneumonitis due to inhalation of food and vomit"
"J9691",10,"Respiratory failure, unspecified with hypoxia"
"Z681",10,"Body mass index (BMI) 19.9 or less, adult"
"K5730",10,"Diverticulosis of large intestine without perforation or abscess without bleeding"
"E873",10,"Alkalosis"
"G9340",10,"Encephalopathy, unspecified"
"I5181",10,"Takotsubo syndrome"
"R680",10,"Hypothermia, not associated with low environmental temperature"
"E60",10,"Dietary zinc deficiency"
"2651",9,"Other and unspecified manifestations of thiamine deficiency"
"K921",10,"Melena"
"S0003XA",10,"Contusion of scalp, initial encounter"
"W108XXA",10,"Fall (on) (from) other stairs and steps, initial encounter"
"S20221A",10,"Contusion of right back wall of thorax, initial encounter"
"S40022A",10,"Contusion of left upper arm, initial encounter"
"S20222A",10,"Contusion of left back wall of thorax, initial encounter"
"Z8711",10,"Personal history of peptic ulcer disease"
"S40021A",10,"Contusion of right upper arm, initial encounter"
"S8012XA",10,"Contusion of left lower leg, initial encounter"
"K7040",10,"Alcoholic hepatic failure without coma"
"S8011XA",10,"Contusion of right lower leg, initial encounter"
"F10251",10,"Alcohol dependence with alcohol-induced psychotic disorder with hallucinations"
"Y92018",10,"Other place in single-family (private) house as the place of occurrence of the external cause"
"Z91128",10,"Patient's intentional underdosing of medication regimen for other reason"
"F1019",10,"Alcohol abuse with unspecified alcohol-induced disorder"
"T473X6A",10,"Underdosing of saline and osmotic laxatives, initial encounter"
"D539",10,"Nutritional anemia, unspecified"
"Z980",10,"Intestinal bypass and anastomosis status"
"K284",10,"Chronic or unspecified gastrojejunal ulcer with hemorrhage"
"R300",10,"Dysuria"
"K861",10,"Other chronic pancreatitis"
"I8511",10,"Secondary esophageal varices with bleeding"
"N281",10,"Cyst of kidney, acquired"
"K8520",10,"Alcohol induced acute pancreatitis without necrosis or infection"
"K7681",10,"Hepatopulmonary syndrome"
"K7011",10,"Alcoholic hepatitis with ascites"
"Z6830",10,"Body mass index (BMI) 30.0-30.9, adult"
"D689",10,"Coagulation defect, unspecified"
"N184",10,"Chronic kidney disease, stage 4 (severe)"
"K860",10,"Alcohol-induced chronic pancreatitis"
"V08",9,"Asymptomatic human immunodeficiency virus [HIV] infection status"
"07071",9,"Unspecified viral hepatitis C with hepatic coma"
"29680",9,"Bipolar disorder, unspecified"
"V462",9,"Other dependence on machines, supplemental oxygen"
"V462",10,"Person on outside of car injured in collision with other nonmotor vehicle in nontraffic accident"
"07044",9,"Chronic hepatitis C with hepatic coma"
"V1271",9,"Personal history of peptic ulcer disease"
"2989",9,"Unspecified psychosis"
"7813",9,"Lack of coordination"
"7260",9,"Adhesive capsulitis of shoulder"
"V1588",9,"History of fall"
"K3580",10,"Unspecified acute appendicitis"
"Z801",10,"Family history of malignant neoplasm of trachea, bronchus and lung"
"M545",10,"Low back pain"
"C029",10,"Malignant neoplasm of tongue, unspecified"
"Z8049",10,"Family history of malignant neoplasm of other genital organs"
"6273",9,"Postmenopausal atrophic vaginitis"
"25022",9,"Diabetes with hyperosmolarity, type II or unspecified type, uncontrolled"
"61650",9,"Ulceration of vulva, unspecified"
"1419",9,"Malignant neoplasm of tongue, unspecified"
"7919",9,"Other nonspecific findings on examination of urine"
"9623",9,"Poisoning by insulins and antidiabetic agents"
"75249",9,"Other anomalies of cervix, vagina, and external female genitalia"
"78065",9,"Hypothermia not associated with low environmental temperature"
"E8580",9,"Accidental poisoning by hormones and synthetic substitutes"
"V1302",9,"Personal history, urinary (tract) infection"
"4870",9,"Influenza with pneumonia"
"1121",9,"Candidiasis of vulva and vagina"
"00845",9,"Intestinal infection due to Clostridium difficile"
"33829",9,"Other chronic pain"
"99931",9,"Other and unspecified infection due to central venous catheter"
"6824",9,"Cellulitis and abscess of hand, except fingers and thumb"
"38531",9,"Cholesteatoma of attic"
"38010",9,"Infective otitis externa, unspecified"
"S2232XA",10,"Fracture of one rib, left side, initial encounter for closed fracture"
"Z85810",10,"Personal history of malignant neoplasm of tongue"
"S22068A",10,"Other fracture of T7-T8 thoracic vertebra, initial encounter for closed fracture"
"R1012",10,"Left upper quadrant pain"
"9243",9,"Contusion of toe"
"23871",9,"Essential thrombocythemia"
"59969",9,"Urinary obstruction, not elsewhere classified"
"4660",9,"Acute bronchitis"
"4940",9,"Bronchiectasis without acute exacerbation"
"D89813",10,"Graft-versus-host disease, unspecified"
"B59",10,"Pneumocystosis"
"H1133",10,"Conjunctival hemorrhage, bilateral"
"R5081",10,"Fever presenting with conditions classified elsewhere"
"Z9484",10,"Stem cells transplant status"
"R042",10,"Hemoptysis"
"Z781",10,"Physical restraint status"
"D709",10,"Neutropenia, unspecified"
"J159",10,"Unspecified bacterial pneumonia"
"Z9012",10,"Acquired absence of left breast and nipple"
"G893",10,"Neoplasm related pain (acute) (chronic)"
"B441",10,"Other pulmonary aspergillosis"
"C92Z0",10,"Other myeloid leukemia not having achieved remission"
"99933",9,"Local infection due to central venous catheter"
"28419",9,"Other pancytopenia"
"4846",9,"Pneumonia in aspergillosis"
"1173",9,"Aspergillosis"
"20500",9,"Acute myeloid leukemia, without mention of having achieved remission"
"V6402",9,"Vaccination not carried out because of chronic illness or condition"
"4809",9,"Viral pneumonia, unspecified"
"28804",9,"Neutropenia due to infection"
"E9348",9,"Other agents affecting blood constituents causing adverse effects in therapeutic use"
"5733",9,"Hepatitis, unspecified"
"99932",9,"Bloodstream infection due to central venous catheter"
"78061",9,"Fever presenting with conditions classified elsewhere"
"7907",9,"Bacteremia"
"61172",9,"Lump or mass in breast"
"3393",9,"Drug induced headache, not elsewhere classified"
"E9319",9,"Other and unspecified anti-infectives causing adverse effects in therapeutic use"
"V160",9,"Family history of malignant neoplasm of gastrointestinal tract"
"V160",10,"Pedal cycle driver injured in collision with other nonmotor vehicle in nontraffic accident"
"78605",9,"Shortness of breath"
"V4281",9,"Bone marrow replaced by transplant"
"V8739",9,"Contact with and (suspected) exposure to other potentially hazardous substances"
"V4571",9,"Acquired absence of breast and nipple"
"T361X5A",10,"Adverse effect of cephalosporins and other beta-lactam antibiotics, initial encounter"
"Z792",10,"Long term (current) use of antibiotics"
"Z79810",10,"Long term (current) use of selective estrogen receptor modulators (SERMs)"
"Z6826",10,"Body mass index (BMI) 26.0-26.9, adult"
"R634",10,"Abnormal weight loss"
"G44209",10,"Tension-type headache, unspecified, not intractable"
"Z20828",10,"Contact with and (suspected) exposure to other viral communicable diseases"
"C92Z2",10,"Other myeloid leukemia, in relapse"
"I951",10,"Orthostatic hypotension"
"K521",10,"Toxic gastroenteritis and colitis"
"C9202",10,"Acute myeloblastic leukemia, in relapse"
"7905",9,"Other nonspecific abnormal serum enzyme levels"
"V5811",9,"Encounter for antineoplastic chemotherapy"
"20501",9,"Acute myeloid leukemia, in remission"
"1759",9,"Malignant neoplasm of other and unspecified sites of male breast"
"2330",9,"Carcinoma in situ of breast"
"V169",9,"Family history of unspecified malignant neoplasm"
"V169",10,"Unspecified pedal cyclist injured in collision with other nonmotor vehicle in traffic accident"
"V860",9,"Estrogen receptor positive status [ER+]"
"V860",10,"Driver of special all-terrain or other off-road motor vehicle injured in traffic accident"
"7830",9,"Anorexia"
"28411",9,"Antineoplastic chemotherapy induced pancytopenia"
"V141",9,"Personal history of allergy to other antibiotic agent"
"V141",10,"Pedal cycle passenger injured in collision with heavy transport vehicle or bus in nontraffic accident"
"78702",9,"Nausea alone"
"3004",9,"Dysthymic disorder"
"515",9,"Postinflammatory pulmonary fibrosis"
"E8706",9,"Accidental cut, puncture, perforation or hemorrhage during heart catheterization"
"9168",9,"Other and unspecified superficial injury of hip, thigh, leg, and ankle, without mention of infection"
"5168",9,"Other specified alveolar and parietoalveolar pneumonopathies"
"V8542",9,"Body Mass Index 45.0-49.9, adult"
"45981",9,"Venous (peripheral) insufficiency, unspecified"
"11289",9,"Other candidiasis of other specified sites"
"E9289",9,"Unspecified accident"
"8449",9,"Sprains and strains of unspecified site of knee and leg"
"3940",9,"Mitral stenosis"
"5730",9,"Chronic passive congestion of liver"
"V8801",9,"Acquired absence of both cervix and uterus"
"I739",10,"Peripheral vascular disease, unspecified"
"N319",10,"Neuromuscular dysfunction of bladder, unspecified"
"Z86711",10,"Personal history of pulmonary embolism"
"C73",10,"Malignant neoplasm of thyroid gland"
"V8521",9,"Body Mass Index 25.0-25.9, adult"
"5589",9,"Other and unspecified noninfectious gastroenteritis and colitis"
"73300",9,"Osteoporosis, unspecified"
"59654",9,"Neurogenic bladder NOS"
"2411",9,"Nontoxic multinodular goiter"
"4414",9,"Abdominal aneurysm without mention of rupture"
"J398",10,"Other specified diseases of upper respiratory tract"
"I82622",10,"Acute embolism and thrombosis of deep veins of left upper extremity"
"J9622",10,"Acute and chronic respiratory failure with hypercapnia"
"K5790",10,"Diverticulosis of intestine, part unspecified, without perforation or abscess without bleeding"
"M19072",10,"Primary osteoarthritis, left ankle and foot"
"K8020",10,"Calculus of gallbladder without cholecystitis without obstruction"
"E042",10,"Nontoxic multinodular goiter"
"M1000",10,"Idiopathic gout, unspecified site"
"Z6829",10,"Body mass index (BMI) 29.0-29.9, adult"
"4150",9,"Acute cor pulmonale"
"7842",9,"Swelling, mass, or lump in head and neck"
"0413",9,"Friedlnder's bacillus infection in conditions classified elsewhere and of unspecified site"
"7804",9,"Dizziness and giddiness"
"E0520",10,"Thyrotoxicosis with toxic multinodular goiter without thyrotoxic crisis or storm"
"N400",10,"Benign prostatic hyperplasia without lower urinary tract symptoms"
"R5381",10,"Other malaise"
"L03116",10,"Cellulitis of left lower limb"
"H3530",10,"Unspecified macular degeneration"
"Q6432",10,"Congenital stricture of urethra"
"F4329",10,"Adjustment disorder with other symptoms"
"Z953",10,"Presence of xenogenic heart valve"
"Z87442",10,"Personal history of urinary calculi"
"I5042",10,"Chronic combined systolic (congestive) and diastolic (congestive) heart failure"
"T81718A",10,"Complication of other artery following a procedure, not elsewhere classified, initial encounter"
"N401",10,"Benign prostatic hyperplasia with lower urinary tract symptoms"
"I482",10,"Chronic atrial fibrillation"
"T370X5A",10,"Adverse effect of sulfonamides, initial encounter"
"I724",10,"Aneurysm of artery of lower extremity"
"D702",10,"Other drug-induced agranulocytosis"
"L723",10,"Sebaceous cyst"
"B964",10,"Proteus (mirabilis) (morganii) as the cause of diseases classified elsewhere"
"R3911",10,"Hesitancy of micturition"
"Z923",10,"Personal history of irradiation"
"C946",10,"Myelodysplastic disease, not classified"
"C9590",10,"Leukemia, unspecified not having achieved remission"
"K264",10,"Chronic or unspecified duodenal ulcer with hemorrhage"
"Z6833",10,"Body mass index (BMI) 33.0-33.9, adult"
"R823",10,"Hemoglobinuria"
"D599",10,"Acquired hemolytic anemia, unspecified"
"D46Z",10,"Other myelodysplastic syndromes"
"E790",10,"Hyperuricemia without signs of inflammatory arthritis and tophaceous disease"
"I2720",10,"Pulmonary hypertension, unspecified"
"6202",9,"Other and unspecified ovarian cyst"
"4928",9,"Other emphysema"
"M351",10,"Other overlap syndromes"
"D735",10,"Infarction of spleen"
"R161",10,"Splenomegaly, not elsewhere classified"
"R109",10,"Unspecified abdominal pain"
"D469",10,"Myelodysplastic syndrome, unspecified"
"J60",10,"Coalworker's pneumoconiosis"
"B009",10,"Herpesviral infection, unspecified"
"Y842",10,"Radiological procedure and radiotherapy as the cause of abnormal reaction of the patient, or of later complication, without mention of misadventure at the time of the procedure"
"Z1611",10,"Resistance to penicillins"
"B961",10,"Klebsiella pneumoniae [K. pneumoniae] as the cause of diseases classified elsewhere"
"K259",10,"Gastric ulcer, unspecified as acute or chronic, without hemorrhage or perforation"
"T504X5A",10,"Adverse effect of drugs affecting uric acid metabolism, initial encounter"
"D471",10,"Chronic myeloproliferative disease"
"L271",10,"Localized skin eruption due to drugs and medicaments taken internally"
"I6340",10,"Cerebral infarction due to embolism of unspecified cerebral artery"
"I69893",10,"Ataxia following other cerebrovascular disease"
"R2681",10,"Unsteadiness on feet"
"G8191",10,"Hemiplegia, unspecified affecting right dominant side"
"I69392",10,"Facial weakness following cerebral infarction"
"D72819",10,"Decreased white blood cell count, unspecified"
"72989",9,"Other musculoskeletal symptoms referable to limbs"
"43889",9,"Other late effects of cerebrovascular disease"
"F309",10,"Manic episode, unspecified"
"R12",10,"Heartburn"
"J9809",10,"Other diseases of bronchus, not elsewhere classified"
"R1319",10,"Other dysphagia"
"C3490",10,"Malignant neoplasm of unspecified part of unspecified bronchus or lung"
"B370",10,"Candidal stomatitis"
"M797",10,"Fibromyalgia"
"B9562",10,"Methicillin resistant Staphylococcus aureus infection as the cause of diseases classified elsewhere"
"K222",10,"Esophageal obstruction"
"C3402",10,"Malignant neoplasm of left main bronchus"
"Z8701",10,"Personal history of pneumonia (recurrent)"
"M5430",10,"Sciatica, unspecified side"
"R1310",10,"Dysphagia, unspecified"
"B379",10,"Candidiasis, unspecified"
"C3401",10,"Malignant neoplasm of right main bronchus"
"99674",9,"Other complications due to other vascular device, implant, and graft"
"1571",9,"Malignant neoplasm of body of pancreas"
"56889",9,"Other specified disorders of peritoneum"
"4568",9,"Varices of other sites"
"78094",9,"Early satiety"
"4471",9,"Stricture of artery"
"1977",9,"Malignant neoplasm of liver, secondary"
"99731",9,"Ventilator associated pneumonia"
"V4611",9,"Dependence on respirator, status"
"E9358",9,"Other specified analgesics and antipyretics causing adverse effects in therapeutic use"
"5921",9,"Calculus of ureter"
"1541",9,"Malignant neoplasm of rectum"
"V1351",9,"Personal history of pathologic fracture"
"V446",9,"Other artificial opening of urinary tract status"
"V446",10,"Car passenger injured in collision with heavy transport vehicle or bus in traffic accident"
"56942",9,"Anal or rectal pain"
"E9342",9,"Anticoagulants causing adverse effects in therapeutic use"
"E9320",9,"Adrenal cortical steroids causing adverse effects in therapeutic use"
"5934",9,"Other ureteric obstruction"
"78079",9,"Other malaise and fatigue"
"1543",9,"Malignant neoplasm of anus, unspecified site"
"71596",9,"Osteoarthrosis, unspecified whether generalized or localized, lower leg"
"2555",9,"Other adrenal hypofunction"
"E9478",9,"Other drugs and medicinal substances causing adverse effects in therapeutic use"
"1122",9,"Candidiasis of other urogenital sites"
"42832",9,"Chronic diastolic heart failure"
"28412",9,"Other drug-induced pancytopenia"
"1548",9,"Malignant neoplasm of other sites of rectum, rectosigmoid junction, and anus"
"71536",9,"Osteoarthrosis, localized, not specified whether primary or secondary, lower leg"
"59972",9,"Microscopic hematuria"
"C211",10,"Malignant neoplasm of anal canal"
"M179",10,"Osteoarthritis of knee, unspecified"
"K311",10,"Adult hypertrophic pyloric stenosis"
"T8359XA",10,"Infection and inflammatory reaction due to prosthetic device, implant and graft in urinary system, initial encounter"
"C7889",10,"Secondary malignant neoplasm of other digestive organs"
"Z433",10,"Encounter for attention to colostomy"
"C786",10,"Secondary malignant neoplasm of retroperitoneum and peritoneum"
"Q620",10,"Congenital hydronephrosis"
"K5660",10,"Unspecified intestinal obstruction"
"N12",10,"Tubulo-interstitial nephritis, not specified as acute or chronic"
"T8131XA",10,"Disruption of external operation (surgical) wound, not elsewhere classified, initial encounter"
"81600",9,"Closed fracture of phalanx or phalanges of hand, unspecified"
"V6441",9,"Laparoscopic surgical procedure converted to open procedure"
"E887",9,"Fracture, cause unspecified"
"99809",9,"Postoperative shock, other"
"V8533",9,"Body Mass Index 33.0-33.9, adult"
"99594",9,"Systemic inflammatory response syndrome due to noninfectious process with acute organ dysfunction"
"56089",9,"Other specified intestinal obstruction"
"45383",9,"Acute venous embolism and thrombosis of upper extremity, unspecified"
"55320",9,"Ventral, unspecified, hernia without mention of obstruction or gangrene"
"99604",9,"Mechanical complication of automatic implantable cardiac defibrillator"
"E8498",9,"Accidents occurring in other specified places"
"4263",9,"Other left bundle branch block"
"E8768",9,"Other specified misadventures during medical care"
"29532",9,"Paranoid type schizophrenia, chronic"
"9961",9,"Mechanical complication of other vascular device, implant, and graft"
"4259",9,"Secondary cardiomyopathy, unspecified"
"V1052",9,"Personal history of malignant neoplasm of kidney"
"29530",9,"Paranoid type schizophrenia, unspecified"
"7852",9,"Undiagnosed cardiac murmurs"
"T43505S",10,"Adverse effect of unspecified antipsychotics and neuroleptics, sequela"
"Z85528",10,"Personal history of other malignant neoplasm of kidney"
"I427",10,"Cardiomyopathy due to drug and external agent"
"F200",10,"Paranoid schizophrenia"
"I081",10,"Rheumatic disorders of both mitral and tricuspid valves"
"Z905",10,"Acquired absence of kidney"
"I071",10,"Rheumatic tricuspid insufficiency"
"E874",10,"Mixed disorder of acid-base balance"
"I420",10,"Dilated cardiomyopathy"
"T8089XA",10,"Other complications following infusion, transfusion and therapeutic injection, initial encounter"
"Z4502",10,"Encounter for adjustment and management of automatic implantable cardiac defibrillator"
"R112",10,"Nausea with vomiting, unspecified"
"7530",9,"Renal agenesis and dysgenesis"
"V5331",9,"Fitting and adjustment of cardiac pacemaker"
"40491",9,"Hypertensive heart and chronic kidney disease, unspecified, with heart failure and with chronic kidney disease stage I through stage IV, or unspecified"
"V8523",9,"Body Mass Index 27.0-27.9, adult"
"3970",9,"Diseases of tricuspid valve"
"E806",10,"Other disorders of bilirubin metabolism"
"I361",10,"Nonrheumatic tricuspid (valve) insufficiency"
"I428",10,"Other cardiomyopathies"
"7197",9,"Difficulty in walking"
"92320",9,"Contusion of hand(s)"
"E9063",9,"Bite of other animal except arthropod"
"78057",9,"Unspecified sleep apnea"
"7823",9,"Edema"
"71650",9,"Unspecified polyarthropathy or polyarthritis, site unspecified"
"59960",9,"Urinary obstruction, unspecified"
"5305",9,"Dyskinesia of esophagus"
"I082",10,"Rheumatic disorders of both aortic and tricuspid valves"
"4149",9,"Chronic ischemic heart disease, unspecified"
"1741",9,"Malignant neoplasm of central portion of female breast"
"L0591",10,"Pilonidal cyst without abscess"
"I69351",10,"Hemiplegia and hemiparesis following cerebral infarction affecting right dominant side"
"I69322",10,"Dysarthria following cerebral infarction"
"G92",10,"Toxic encephalopathy"
"I69391",10,"Dysphagia following cerebral infarction"
"I5043",10,"Acute on chronic combined systolic (congestive) and diastolic (congestive) heart failure"
"A0472",10,"Enterocolitis due to Clostridium difficile, not specified as recurrent"
"43310",9,"Occlusion and stenosis of carotid artery without mention of cerebral infarction"
"78469",9,"Other symbolic dysfunction"
"43491",9,"Cerebral artery occlusion, unspecified with cerebral infarction"
"82021",9,"Closed fracture of intertrochanteric section of neck of femur"
"43811",9,"Late effects of cerebrovascular disease, aphasia"
"V090",9,"Infection with microorganisms resistant to penicillins"
"V090",10,"Pedestrian injured in nontraffic accident involving other and unspecified motor vehicles"
"5559",9,"Regional enteritis of unspecified site"
"Y92199",10,"Unspecified place in other specified residential institution as the place of occurrence of the external cause"
"S82251A",10,"Displaced comminuted fracture of shaft of right tibia, initial encounter for closed fracture"
"H548",10,"Legal blindness, as defined in USA"
"R21",10,"Rash and other nonspecific skin eruption"
"J918",10,"Pleural effusion in other conditions classified elsewhere"
"H540",10,"Blindness, both eyes"
"4473",9,"Hyperplasia of renal artery"
"42830",9,"Diastolic heart failure, unspecified"
"L97429",10,"Non-pressure chronic ulcer of left heel and midfoot with unspecified severity"
"L97229",10,"Non-pressure chronic ulcer of left calf with unspecified severity"
"I70262",10,"Atherosclerosis of native arteries of extremities with gangrene, left leg"
"E11622",10,"Type 2 diabetes mellitus with other skin ulcer"
"E11628",10,"Type 2 diabetes mellitus with other skin complications"
"L97419",10,"Non-pressure chronic ulcer of right heel and midfoot with unspecified severity"
"L97523",10,"Non-pressure chronic ulcer of other part of left foot with necrosis of muscle"
"4401",9,"Atherosclerosis of renal artery"
"30521",9,"Cannabis abuse, continuous"
"6820",9,"Cellulitis and abscess of face"
"V8536",9,"Body Mass Index 36.0-36.9, adult"
"L89899",10,"Pressure ulcer of other site, unspecified stage"
"L97529",10,"Non-pressure chronic ulcer of other part of left foot with unspecified severity"
"R159",10,"Full incontinence of feces"
"Z1623",10,"Resistance to quinolones and fluoroquinolones"
"Z1621",10,"Resistance to vancomycin"
"K5903",10,"Drug induced constipation"
"B952",10,"Enterococcus as the cause of diseases classified elsewhere"
"H34239",10,"Retinal artery branch occlusion, unspecified eye"
"G43109",10,"Migraine with aura, not intractable, without status migrainosus"
"R918",10,"Other nonspecific abnormal finding of lung field"
"E278",10,"Other specified disorders of adrenal gland"
"I701",10,"Atherosclerosis of renal artery"
"J441",10,"Chronic obstructive pulmonary disease with (acute) exacerbation"
"Z800",10,"Family history of malignant neoplasm of digestive organs"
"W208XXA",10,"Other cause of strike by thrown, projected or falling object, initial encounter"
"K5791",10,"Diverticulosis of intestine, part unspecified, without perforation or abscess with bleeding"
"S9032XA",10,"Contusion of left foot, initial encounter"
"I7789",10,"Other specified disorders of arteries and arterioles"
"V8537",9,"Body Mass Index 37.0-37.9, adult"
"25040",9,"Diabetes with renal manifestations, type II or unspecified type, not stated as uncontrolled"
"V0179",9,"Contact with or exposure to other viral diseases"
"71940",9,"Pain in joint, site unspecified"
"36230",9,"Retinal vascular occlusion, unspecified"
"T465X5A",10,"Adverse effect of other antihypertensive drugs, initial encounter"
"30183",9,"Borderline personality disorder"
"G1221",10,"Amyotrophic lateral sclerosis"
"Z930",10,"Tracheostomy status"
"R4182",10,"Altered mental status, unspecified"
"G3109",10,"Other frontotemporal dementia"
"D721",10,"Eosinophilia"
"N10",10,"Acute pyelonephritis"
"B9620",10,"Unspecified Escherichia coli [E. coli] as the cause of diseases classified elsewhere"
"J9610",10,"Chronic respiratory failure, unspecified whether with hypoxia or hypercapnia"
"Z931",10,"Gastrostomy status"
"T360X5A",10,"Adverse effect of penicillins, initial encounter"
"Z430",10,"Encounter for attention to tracheostomy"
"Z4689",10,"Encounter for fitting and adjustment of other specified devices"
"Z434",10,"Encounter for attention to other artificial openings of digestive tract"
"Z8546",10,"Personal history of malignant neoplasm of prostate"
"I6521",10,"Occlusion and stenosis of right carotid artery"
"Z8571",10,"Personal history of Hodgkin lymphoma"
"Z952",10,"Presence of prosthetic heart valve"
"V4581",9,"Aortocoronary bypass status"
"V422",9,"Heart valve replaced by transplant"
"V422",10,"Person on outside of car injured in collision with two- or three-wheeled motor vehicle in nontraffic accident"
"20190",9,"Hodgkin's disease, unspecified type, unspecified site, extranodal and solid organ sites"
"I6522",10,"Occlusion and stenosis of left carotid artery"
"V1079",9,"Personal history of other lymphatic and hematopoietic neoplasms"
"V4579",9,"Other acquired absence of organ"
"V1072",9,"Personal history of hodgkin's disease"
"3968",9,"Multiple involvement of mitral and aortic valves"
"F28",10,"Other psychotic disorder not due to a substance or known physiological condition"
"F319",10,"Bipolar disorder, unspecified"
"K047",10,"Periapical abscess without sinus"
"F5001",10,"Anorexia nervosa, restricting type"
"E038",10,"Other specified hypothyroidism"
"R1312",10,"Dysphagia, oropharyngeal phase"
"F514",10,"Sleep terrors [night terrors]"
"F1220",10,"Cannabis dependence, uncomplicated"
"T17920A",10,"Food in respiratory tract, part unspecified causing asphyxiation, initial encounter"
"T4275XA",10,"Adverse effect of unspecified antiepileptic and sedative-hypnotic drugs, initial encounter"
"R490",10,"Dysphonia"
"I4581",10,"Long QT syndrome"
"Z1639",10,"Resistance to other specified antimicrobial drug"
"I2602",10,"Saddle embolus of pulmonary artery with acute cor pulmonale"
"F603",10,"Borderline personality disorder"
"W1830XD",10,"Fall on same level, unspecified, subsequent encounter"
"J309",10,"Allergic rhinitis, unspecified"
"M720",10,"Palmar fascial fibromatosis [Dupuytren]"
"F209",10,"Schizophrenia, unspecified"
"L570",10,"Actinic keratosis"
"Z8674",10,"Personal history of sudden cardiac arrest"
"L409",10,"Psoriasis, unspecified"
"M810",10,"Age-related osteoporosis without current pathological fracture"
"J95811",10,"Postprocedural pneumothorax"
"H269",10,"Unspecified cataract"
"H6120",10,"Impacted cerumen, unspecified ear"
"G931",10,"Anoxic brain damage, not elsewhere classified"
"S42291D",10,"Other displaced fracture of upper end of right humerus, subsequent encounter for fracture with routine healing"
"I82621",10,"Acute embolism and thrombosis of deep veins of right upper extremity"
"M542",10,"Cervicalgia"
"R45851",10,"Suicidal ideations"
"Z9114",10,"Patient's other noncompliance with medication regimen"
"B20",10,"Human immunodeficiency virus [HIV] disease"
"S0990XA",10,"Unspecified injury of head, initial encounter"
"F10129",10,"Alcohol abuse with intoxication, unspecified"
"E162",10,"Hypoglycemia, unspecified"
"V620",9,"Unemployment"
"V620",10,"Driver of heavy transport vehicle injured in collision with two- or three-wheeled motor vehicle in nontraffic accident"
"3559",9,"Mononeuritis of unspecified site"
"30560",9,"Cocaine abuse, unspecified"
"V1552",9,"Personal history of traumatic brain injury"
"30001",9,"Panic disorder without agoraphobia"
"V6284",9,"Suicidal ideation"
"V600",9,"Lack of housing"
"V600",10,"Driver of heavy transport vehicle injured in collision with pedestrian or animal in nontraffic accident"
"7801",9,"Hallucinations"
"30590",9,"Other, mixed, or unspecified drug abuse, unspecified"
"F1099",10,"Alcohol use, unspecified with unspecified alcohol-induced disorder"
"Z87820",10,"Personal history of traumatic brain injury"
"F1490",10,"Cocaine use, unspecified, uncomplicated"
"F1994",10,"Other psychoactive substance use, unspecified with psychoactive substance-induced mood disorder"
"29284",9,"Drug-induced mood disorder"
"6253",9,"Dysmenorrhea"
"29633",9,"Major depressive affective disorder, recurrent episode, severe, without mention of psychotic behavior"
"30553",9,"Opioid abuse, in remission"
"37950",9,"Nystagmus, unspecified"
"2511",9,"Other specified hypoglycemia"
"F29",10,"Unspecified psychosis not due to a substance or known physiological condition"
"F1910",10,"Other psychoactive substance abuse, uncomplicated"
"Z21",10,"Asymptomatic human immunodeficiency virus [HIV] infection status"
"F1110",10,"Opioid abuse, uncomplicated"
"F1410",10,"Cocaine abuse, uncomplicated"
"33819",9,"Other acute pain"
"24900",9,"Secondary diabetes mellitus without mention of complication, not stated as uncontrolled, or unspecified"
"V443",9,"Colostomy status"
"V443",10,"Unspecified car occupant injured in collision with heavy transport vehicle or bus in nontraffic accident"
"78909",9,"Abdominal pain, other specified site"
"1179",9,"Other and unspecified mycoses"
"5778",9,"Other specified diseases of pancreas"
"V1279",9,"Personal history of other diseases of digestive system"
"6930",9,"Dermatitis due to drugs and medicines taken internally"
"5771",9,"Chronic pancreatitis"
"45385",9,"Acute venous embolism and thrombosis of subclavian veins"
"Z981",10,"Arthrodesis status"
"V499XXA",10,"Car occupant (driver) (passenger) injured in unspecified traffic accident, initial encounter"
"S22069A",10,"Unspecified fracture of T7-T8 vertebra, initial encounter for closed fracture"
"G43909",10,"Migraine, unspecified, not intractable, without status migrainosus"
"M40209",10,"Unspecified kyphosis, site unspecified"
"S22059A",10,"Unspecified fracture of T5-T6 vertebra, initial encounter for closed fracture"
"S22049A",10,"Unspecified fracture of fourth thoracic vertebra, initial encounter for closed fracture"
"V270XXA",10,"Motorcycle driver injured in collision with fixed or stationary object in nontraffic accident, initial encounter"
"S271XXA",10,"Traumatic hemothorax, initial encounter"
"F1290",10,"Cannabis use, unspecified, uncomplicated"
"S066X0A",10,"Traumatic subarachnoid hemorrhage without loss of consciousness, initial encounter"
"S12600A",10,"Unspecified displaced fracture of seventh cervical vertebra, initial encounter for closed fracture"
"S240XXA",10,"Concussion and edema of thoracic spinal cord, initial encounter"
"S32029A",10,"Unspecified fracture of second lumbar vertebra, initial encounter for closed fracture"
"E041",10,"Nontoxic single thyroid nodule"
"Y92488",10,"Other paved roadways as the place of occurrence of the external cause"
"V8609XS",10,"Driver of other special all-terrain or other off-road motor vehicle injured in traffic accident, sequela"
"M25511",10,"Pain in right shoulder"
"F1210",10,"Cannabis abuse, uncomplicated"
"29281",9,"Drug-induced delirium"
"7102",9,"Sicca syndrome"
"E9393",9,"Other antipsychotics, neuroleptics, and major tranquilizers causing adverse effects in therapeutic use"
"S79912A",10,"Unspecified injury of left hip, initial encounter"
"H04123",10,"Dry eye syndrome of bilateral lacrimal glands"
"Z961",10,"Presence of intraocular lens"
"Y92129",10,"Unspecified place in nursing home as the place of occurrence of the external cause"
"E049",10,"Nontoxic goiter, unspecified"
"M5030",10,"Other cervical disc degeneration, unspecified cervical region"
"M4856XA",10,"Collapsed vertebra, not elsewhere classified, lumbar region, initial encounter for fracture"
"W1839XA",10,"Other fall on same level, initial encounter"
"H53143",10,"Visual discomfort, bilateral"
"S4992XA",10,"Unspecified injury of left shoulder and upper arm, initial encounter"
"M3500",10,"Sicca syndrome, unspecified"
"M8008XA",10,"Age-related osteoporosis with current pathological fracture, vertebra(e), initial encounter for fracture"
"K922",10,"Gastrointestinal hemorrhage, unspecified"
"V1261",9,"Personal history of pneumonia (recurrent)"
"2469",9,"Unspecified disorder of thyroid"
"E8859",9,"Fall from other slipping, tripping, or stumbling"
"82009",9,"Other closed transcervical fracture of neck of femur"
"42843",9,"Acute on chronic combined systolic and diastolic heart failure"
"03843",9,"Septicemia due to pseudomonas"
"0383",9,"Septicemia due to anaerobes"
"5768",9,"Other specified disorders of biliary tract"
"4739",9,"Unspecified sinusitis (chronic)"
"5809",9,"Acute glomerulonephritis with unspecified pathological lesion in kidney"
"48249",9,"Other Staphylococcus pneumonia"
"5829",9,"Chronic glomerulonephritis with unspecified pathological lesion in kidney"
"E9383",9,"Intravenous anesthetics causing adverse effects in therapeutic use"
"34290",9,"Hemiplegia, unspecified, affecting unspecified side"
"40300",9,"Hypertensive chronic kidney disease, malignant, with chronic kidney disease stage I through stage IV, or unspecified"
"0416",9,"Proteus (mirabilis) (morganii) infection in conditions classified elsewhere and of unspecified site"
"3129",9,"Unspecified disturbance of conduct"
